username,passwordHash,salt
<<<<<<< HEAD
<<<<<<< HEAD
1245,$2a$10$zOlTw8RQLG7.1y1OiV6NpuTMyPrY6SCc8bJP/L8KJBFpGWuRhiA1C,$2a$10$zOlTw8RQLG7.1y1OiV6Npu
1324,$2a$10$AOcmi6gj6R6EY6zoG9vPgurbyfe2khj7tZ7ZJGlJG0NJ.iTyXsjL.,$2a$10$AOcmi6gj6R6EY6zoG9vPgu
23451,$2a$10$.AbDxOfiCWgxsptwGY6ice54QDAIMzKbsRjP8yhygDghkG/Dxjgg2,$2a$10$.AbDxOfiCWgxsptwGY6ice
67o,$2a$10$XOx4pNapfUo6UqR8WkQKce6ogVYOH7JEMKqFldvz.sy5bg.SRGhVW,$2a$10$XOx4pNapfUo6UqR8WkQKce
2345,$2a$10$uTk4N.cIQkNUitAwimDHHecegyBUEkZ/JbHkSIZr5foCekYfPmPja,$2a$10$uTk4N.cIQkNUitAwimDHHe
=======
newusername,$2a$10$iQfEmiYKD0eNrCkmI/iz6uCO9G7hAV.eRQpmqwTHlt0r4CNUH7TJ2,$2a$10$iQfEmiYKD0eNrCkmI/iz6u
>>>>>>> 7b5a232c836c168f6a54b39b3f886e186612c3fc

newuserrrrr,$2a$10$B7SQg2tiigD0ZnmHIfuOGe2rOUJTk6BrhDphsTtgRG5reSNOtAyHq,$2a$10$B7SQg2tiigD0ZnmHIfuOGe
13245,$2a$10$JpUtALKhgZDrWq/esBDOpepf/zaAkTsAR60TJGkMn7M2HRzyCQOxu,$2a$10$JpUtALKhgZDrWq/esBDOpe
12453q,$2a$10$YOVbRP3/qDLgm6wnZsB8e.PnpoS5z/m0MiDMi8SWlE7KQCeXUh3Hu,$2a$10$YOVbRP3/qDLgm6wnZsB8e.
newuser222,$2a$10$rEyiuFaYA3Vyh7DOsXYf6O7O4Zg3UDG1Q.V2AGsacxSXkGBSpvECW,$2a$10$rEyiuFaYA3Vyh7DOsXYf6O
newuser,$2a$10$4B7gu1tYjuxbNJRtyiR1SuS4wu.OSjUQFsVMutJqyCv7W92u4b5WC,$2a$10$4B7gu1tYjuxbNJRtyiR1Su
newuser111111,$2a$10$VTZBfQgaF2uLmTuVsiifrOlarj1Yg4TlN6cdarClCWqN3kKHjJ9WO,$2a$10$VTZBfQgaF2uLmTuVsiifrO
=======
lasttry,$2a$10$1J2KeiDzc2tdoJhMR6So9e35T9ptrHaTpijQfXEPBw//yijgNBBvS,$2a$10$1J2KeiDzc2tdoJhMR6So9e
>>>>>>> 3fa70693b53d5119f1a618ad05431f108e9fc738
